{
  "results": [
    {
      "command": "./password_finder.exe passwords.txt 1",
      "mean": 5.12733500086,
      "stddev": 0.8315803992327344,
      "median": 5.37111842256,
      "user": 5.11210382,
      "system": 0.01274854,
      "min": 2.76171585206,
      "max": 5.4260170400600005,
      "times": [
        5.41519458506,
        5.37164950706,
        5.36431524306,
        5.4260170400600005,
        5.41553426206,
        5.37058733806,
        5.36774068406,
        5.36448929206,
        5.41610620506,
        2.76171585206
      ],
      "exit_codes": [
        0,
        0,
        0,
        0,
        0,
        0,
        0,
        0,
        0,
        0
      ]
    },
    {
      "command": "./password_finder.exe passwords.txt 2",
      "mean": 5.7087437450600005,
      "stddev": 0.7600538852154892,
      "median": 5.46653808406,
      "user": 5.65132622,
      "system": 0.029550539999999997,
      "min": 5.41680682706,
      "max": 7.87078554906,
      "times": [
        5.4669480980600005,
        5.46492495506,
        5.465715647060001,
        5.46612807006,
        7.87078554906,
        5.46592999606,
        5.41680682706,
        5.51662826406,
        5.46754064506,
        5.48602939906
      ],
      "exit_codes": [
        0,
        0,
        0,
        0,
        0,
        0,
        0,
        0,
        0,
        0
      ]
    },
    {
      "command": "./password_finder.exe passwords.txt 3",
      "mean": 1.46583249666,
      "stddev": 0.01606140791422027,
      "median": 1.46076618356,
      "user": 2.7227458199999997,
      "system": 0.034307939999999995,
      "min": 1.45826577406,
      "max": 1.51104338306,
      "times": [
        1.45861318406,
        1.45826577406,
        1.4608032340600001,
        1.4625944450600001,
        1.45827185006,
        1.46037804306,
        1.4662032660600002,
        1.51104338306,
        1.46072913306,
        1.4614226540600002
      ],
      "exit_codes": [
        0,
        0,
        0,
        0,
        0,
        0,
        0,
        0,
        0,
        0
      ]
    },
    {
      "command": "./password_finder.exe passwords.txt 4",
      "mean": 1.7585485546600002,
      "stddev": 0.0002747289263733592,
      "median": 1.75859074606,
      "user": 4.971316119999999,
      "system": 0.028277740000000003,
      "min": 1.75816352806,
      "max": 1.7589490300600001,
      "times": [
        1.75872826206,
        1.7582921750600002,
        1.7587068920600002,
        1.75824824506,
        1.75816352806,
        1.75875997006,
        1.7589490300600001,
        1.75847460006,
        1.75881060506,
        1.7583522390600002
      ],
      "exit_codes": [
        0,
        0,
        0,
        0,
        0,
        0,
        0,
        0,
        0,
        0
      ]
    },
    {
      "command": "./password_finder.exe passwords.txt 5",
      "mean": 1.35859395556,
      "stddev": 0.001623413003812711,
      "median": 1.3581567685600002,
      "user": 5.0964936199999995,
      "system": 0.02418714,
      "min": 1.3576469070600001,
      "max": 1.36315498806,
      "times": [
        1.35821499806,
        1.36315498806,
        1.3583201790600001,
        1.35803844006,
        1.3580985390600002,
        1.3583875680600002,
        1.3576469070600001,
        1.35788073306,
        1.35777869606,
        1.3584185070600001
      ],
      "exit_codes": [
        0,
        0,
        0,
        0,
        0,
        0,
        0,
        0,
        0,
        0
      ]
    },
    {
      "command": "./password_finder.exe passwords.txt 6",
      "mean": 0.60575666356,
      "stddev": 0.0008379991717471903,
      "median": 0.60570155206,
      "user": 2.85063532,
      "system": 0.014915556,
      "min": 0.60458815006,
      "max": 0.60777498506,
      "times": [
        0.60777498506,
        0.60458815006,
        0.60583955806,
        0.60562207306,
        0.60549265806,
        0.60513290906,
        0.60526693306,
        0.60607247706,
        0.60599586106,
        0.60578103106
      ],
      "exit_codes": [
        0,
        0,
        0,
        0,
        0,
        0,
        0,
        0,
        0,
        0
      ]
    },
    {
      "command": "./password_finder.exe passwords.txt 8",
      "mean": 0.54630393056,
      "stddev": 0.14489507037339996,
      "median": 0.45664102006000007,
      "user": 3.4991030199999997,
      "system": 0.025604140000000004,
      "min": 0.45552908506000006,
      "max": 0.7569331540600001,
      "times": [
        0.45668634706000005,
        0.75559500506,
        0.45604360206000005,
        0.45572429006000004,
        0.45659569306000003,
        0.75629746306,
        0.45552908506000006,
        0.7569331540600001,
        0.45718696506000006,
        0.45644770106000004
      ],
      "exit_codes": [
        0,
        0,
        0,
        0,
        0,
        0,
        0,
        0,
        0,
        0
      ]
    },
    {
      "command": "./password_finder.exe passwords.txt 12",
      "mean": 0.5136111858600001,
      "stddev": 0.01770506839903416,
      "median": 0.5078003290599999,
      "user": 4.947242119999999,
      "system": 0.02549924,
      "min": 0.50666454306,
      "max": 0.56377034006,
      "times": [
        0.5081864430599999,
        0.50666552106,
        0.50870466206,
        0.56377034006,
        0.50745989006,
        0.50814076806,
        0.50705676906,
        0.51241991206,
        0.50704301006,
        0.50666454306
      ],
      "exit_codes": [
        0,
        0,
        0,
        0,
        0,
        0,
        0,
        0,
        0,
        0
      ]
    },
    {
      "command": "./password_finder.exe passwords.txt 16",
      "mean": 0.74716632696,
      "stddev": 0.5217407396049211,
      "median": 0.6055703560600001,
      "user": 9.804238719999997,
      "system": 0.09806673999999999,
      "min": 0.26073940006,
      "max": 1.3795754420600002,
      "times": [
        0.93182150206,
        0.26073940006,
        1.3718320560600001,
        0.26451052206000003,
        0.26210562506,
        0.26366202606000005,
        1.18578112706,
        1.27231635906,
        0.27931921006000004,
        1.3795754420600002
      ],
      "exit_codes": [
        0,
        0,
        0,
        0,
        0,
        0,
        0,
        0,
        0,
        0
      ]
    }
  ]
}
