{
  "results": [
    {
      "command": "./password_finder.exe passwords.txt 1",
      "mean": 4.578064470340001,
      "stddev": 1.2434204897966614,
      "median": 5.33929674254,
      "user": 4.5675523,
      "system": 0.01212538,
      "min": 2.75897765604,
      "max": 5.36685794404,
      "times": [
        5.313441480040001,
        5.36337783004,
        2.75998839704,
        2.81060255504,
        5.36371034304,
        5.36509501304,
        5.36685794404,
        2.75897765604,
        5.31527236604,
        5.36332111904
      ],
      "exit_codes": [
        0,
        0,
        0,
        0,
        0,
        0,
        0,
        0,
        0,
        0
      ]
    },
    {
      "command": "./password_finder.exe passwords.txt 2",
      "mean": 5.710306367639999,
      "stddev": 0.8296553872605031,
      "median": 5.4640576135400005,
      "user": 5.6606018,
      "system": 0.026535580000000003,
      "min": 5.41438149204,
      "max": 8.070607150039999,
      "times": [
        5.41438149204,
        5.41488546604,
        5.4650791110400005,
        5.46425184204,
        8.070607150039999,
        5.46603146104,
        5.415641534040001,
        5.46510634904,
        5.463863385040001,
        5.46321588604
      ],
      "exit_codes": [
        0,
        0,
        0,
        0,
        0,
        0,
        0,
        0,
        0,
        0
      ]
    },
    {
      "command": "./password_finder.exe passwords.txt 4",
      "mean": 1.75689298174,
      "stddev": 0.0003201455372986175,
      "median": 1.7569154775400002,
      "user": 5.0722814,
      "system": 0.01722468,
      "min": 1.7563488200400001,
      "max": 1.7574083820400002,
      "times": [
        1.7571789540400002,
        1.7566585660400003,
        1.7568650170400002,
        1.7569757160400001,
        1.75719264304,
        1.75676758904,
        1.7574083820400002,
        1.7569659380400002,
        1.7565681920400003,
        1.7563488200400001
      ],
      "exit_codes": [
        0,
        0,
        0,
        0,
        0,
        0,
        0,
        0,
        0,
        0
      ]
    },
    {
      "command": "./password_finder.exe passwords.txt 8",
      "mean": 0.6379184344400001,
      "stddev": 0.15701630673361738,
      "median": 0.75574962154,
      "user": 4.1157305,
      "system": 0.026470179999999992,
      "min": 0.45528976004,
      "max": 0.77519158704,
      "times": [
        0.45582788704,
        0.7559431170400001,
        0.77519158704,
        0.75555612604,
        0.75662008804,
        0.45528976004,
        0.7566677900400001,
        0.75678686904,
        0.45593481404,
        0.45536630604
      ],
      "exit_codes": [
        0,
        0,
        0,
        0,
        0,
        0,
        0,
        0,
        0,
        0
      ]
    },
    {
      "command": "./password_finder.exe passwords.txt 16",
      "mean": 0.7163569321309091,
      "stddev": 0.46995195095029113,
      "median": 0.45820388704000004,
      "user": 8.997173372727273,
      "system": 0.0692957709090909,
      "min": 0.25701940804,
      "max": 1.33681692304,
      "times": [
        0.26069983404,
        0.45820388704000004,
        0.25908601204,
        0.25701940804,
        1.26819107804,
        0.40819263304000003,
        1.02759166404,
        1.12468090904,
        1.33681692304,
        1.2219305090400001,
        0.25751339604
      ],
      "exit_codes": [
        0,
        0,
        0,
        0,
        0,
        0,
        0,
        0,
        0,
        0,
        0
      ]
    }
  ]
}
