{
  "results": [
    {
      "command": "./password_finder.exe passwords-bench.txt 1",
      "mean": 14.001595350899999,
      "stddev": 1.882638386831262,
      "median": 14.247963033200001,
      "user": 13.975444919999997,
      "system": 0.01383058,
      "min": 10.2298770152,
      "max": 16.943257760199998,
      "times": [
        14.3863318642,
        15.6877392972,
        14.0793526712,
        14.3289794572,
        12.4302719292,
        12.5796418992,
        14.1669466092,
        10.2298770152,
        15.1835550062,
        16.943257760199998
      ],
      "exit_codes": [
        0,
        0,
        0,
        0,
        0,
        0,
        0,
        0,
        0,
        0
      ]
    },
    {
      "command": "./password_finder.exe passwords-bench.txt 2",
      "mean": 14.33029745,
      "stddev": 1.415171666783227,
      "median": 14.9656919087,
      "user": 14.22957372,
      "system": 0.06284418,
      "min": 11.9784328062,
      "max": 15.6376338542,
      "times": [
        12.0797076332,
        15.0358877792,
        14.895496038200001,
        15.6376338542,
        15.5353180872,
        13.5826120032,
        13.6830708352,
        11.9784328062,
        15.5377652312,
        15.337050232200001
      ],
      "exit_codes": [
        0,
        0,
        0,
        0,
        0,
        0,
        0,
        0,
        0,
        0
      ]
    },
    {
      "command": "./password_finder.exe passwords-bench.txt 3",
      "mean": 7.585241339000001,
      "stddev": 1.058512383642508,
      "median": 7.3047471657,
      "user": 14.38845142,
      "system": 0.09540498,
      "min": 6.0239497832,
      "max": 9.2363496152,
      "times": [
        6.9791603212,
        6.0239497832,
        6.8776933672,
        9.2363496152,
        9.1863067962,
        7.5302018582,
        8.3811507522,
        7.7313783552,
        6.8269300682,
        7.079292473200001
      ],
      "exit_codes": [
        0,
        0,
        0,
        0,
        0,
        0,
        0,
        0,
        0,
        0
      ]
    },
    {
      "command": "./password_finder.exe passwords-bench.txt 4",
      "mean": 4.1585725636,
      "stddev": 0.5861701999591455,
      "median": 3.8898301662,
      "user": 12.030936020000002,
      "system": 0.051854479999999994,
      "min": 3.3113589961999996,
      "max": 5.1151955832,
      "times": [
        4.363884785200001,
        4.7642897012,
        3.8167007812,
        3.8121638341999997,
        3.8132023711999996,
        5.1151955832,
        3.7614834362,
        4.864486596200001,
        3.9629595512,
        3.3113589961999996
      ],
      "exit_codes": [
        0,
        0,
        0,
        0,
        0,
        0,
        0,
        0,
        0,
        0
      ]
    },
    {
      "command": "./password_finder.exe passwords-bench.txt 5",
      "mean": 2.8211180129,
      "stddev": 0.29521110884068497,
      "median": 2.8114028652,
      "user": 10.83482172,
      "system": 0.04062987999999999,
      "min": 2.3594050072,
      "max": 3.3614081002,
      "times": [
        3.1609397221999997,
        2.8609774692,
        2.9106725491999996,
        2.8118897971999997,
        3.3614081002,
        2.6619628332,
        2.4626042301999997,
        2.8109159332,
        2.3594050072,
        2.8104044872
      ],
      "exit_codes": [
        0,
        0,
        0,
        0,
        0,
        0,
        0,
        0,
        0,
        0
      ]
    },
    {
      "command": "./password_finder.exe passwords-bench.txt 6",
      "mean": 2.5099650682999997,
      "stddev": 0.24912325038423944,
      "median": 2.6594314357,
      "user": 12.105307719999999,
      "system": 0.04130708,
      "min": 2.0584952492,
      "max": 2.7132816961999997,
      "times": [
        2.7088608952,
        2.2591207112,
        2.6100019762,
        2.7096929822,
        2.3092847601999997,
        2.7132816961999997,
        2.3095437312,
        2.7104828841999997,
        2.7108857972,
        2.0584952492
      ],
      "exit_codes": [
        0,
        0,
        0,
        0,
        0,
        0,
        0,
        0,
        0,
        0
      ]
    },
    {
      "command": "./password_finder.exe passwords-bench.txt 8",
      "mean": 1.9442706098000002,
      "stddev": 0.1109108546756609,
      "median": 1.9606427397,
      "user": 13.076998519999998,
      "system": 0.05171238,
      "min": 1.7081683132,
      "max": 2.0601780701999997,
      "times": [
        1.9099111632,
        1.9595157842,
        1.9585759332000001,
        2.0080591011999998,
        1.8091114302,
        1.7081683132,
        1.9617696952,
        2.0601780701999997,
        2.0589382512,
        2.0084783562
      ],
      "exit_codes": [
        0,
        0,
        0,
        0,
        0,
        0,
        0,
        0,
        0,
        0
      ]
    },
    {
      "command": "./password_finder.exe passwords-bench.txt 12",
      "mean": 1.3390962923000003,
      "stddev": 0.05884591698604168,
      "median": 1.3101686307000002,
      "user": 14.259226919999998,
      "system": 0.05451817999999999,
      "min": 1.2584640972,
      "max": 1.4595192222000002,
      "times": [
        1.3591067582,
        1.3084215562000001,
        1.3084072382,
        1.2584640972,
        1.4089138482,
        1.3591478942000002,
        1.3092431662000001,
        1.3110940952,
        1.4595192222000002,
        1.3086450472
      ],
      "exit_codes": [
        0,
        0,
        0,
        0,
        0,
        0,
        0,
        0,
        0,
        0
      ]
    },
    {
      "command": "./password_finder.exe passwords-bench.txt 16",
      "mean": 1.7985066150000004,
      "stddev": 0.16482969025463584,
      "median": 1.7985069712000001,
      "user": 24.99479912,
      "system": 0.10639868000000001,
      "min": 1.5627388792,
      "max": 2.0714872952,
      "times": [
        1.8170982452000002,
        1.5627388792,
        1.5670475142000002,
        1.8812745772000001,
        1.7799156972,
        1.8689372922,
        2.0714872952,
        1.7739084562,
        1.9822914462,
        1.6803667472000001
      ],
      "exit_codes": [
        0,
        0,
        0,
        0,
        0,
        0,
        0,
        0,
        0,
        0
      ]
    }
  ]
}
