{
  "results": [
    {
      "command": "./password_finder.exe passwords-bench.txt 1",
      "mean": 14.756370365219999,
      "stddev": 1.2841566173801706,
      "median": 14.58261629882,
      "user": 14.7258611,
      "system": 0.016624220000000002,
      "min": 12.47850386832,
      "max": 16.84758397832,
      "times": [
        15.03605843932,
        14.73218489532,
        12.47850386832,
        16.84758397832,
        16.13698832132,
        13.73062220932,
        13.981993538320001,
        14.43304770232,
        14.28364536332,
        15.90307533632
      ],
      "exit_codes": [
        0,
        0,
        0,
        0,
        0,
        0,
        0,
        0,
        0,
        0
      ]
    },
    {
      "command": "./password_finder.exe passwords-bench.txt 2",
      "mean": 14.69550114672,
      "stddev": 1.3521850381907472,
      "median": 15.13804461232,
      "user": 14.597616100000002,
      "system": 0.05486471999999999,
      "min": 12.17801240832,
      "max": 16.64113982432,
      "times": [
        15.28691441032,
        16.64113982432,
        14.08804883232,
        12.17801240832,
        15.838253035320001,
        13.37920083132,
        14.98917481432,
        13.58369673132,
        15.43423454332,
        15.53633603632
      ],
      "exit_codes": [
        0,
        0,
        0,
        0,
        0,
        0,
        0,
        0,
        0,
        0
      ]
    },
    {
      "command": "./password_finder.exe passwords-bench.txt 3",
      "mean": 7.7345672941200005,
      "stddev": 0.9177122190252238,
      "median": 7.80443680782,
      "user": 14.6815147,
      "system": 0.10450252,
      "min": 6.67232859132,
      "max": 9.53729623932,
      "times": [
        7.83082969432,
        6.8282721333200005,
        6.67466149132,
        8.38311808532,
        8.33098008932,
        8.13292346032,
        6.67232859132,
        9.53729623932,
        7.77804392132,
        7.177219235320001
      ],
      "exit_codes": [
        0,
        0,
        0,
        0,
        0,
        0,
        0,
        0,
        0,
        0
      ]
    },
    {
      "command": "./password_finder.exe passwords-bench.txt 4",
      "mean": 3.6726250733200003,
      "stddev": 0.458498361549976,
      "median": 3.68828176082,
      "user": 10.621497600000001,
      "system": 0.04974042,
      "min": 3.01137335032,
      "max": 4.41344409932,
      "times": [
        3.66321976532,
        3.01137335032,
        3.21203134632,
        3.86304714232,
        3.26118056732,
        3.36094050132,
        3.71334375632,
        4.11377409632,
        4.41344409932,
        4.1138961083200005
      ],
      "exit_codes": [
        0,
        0,
        0,
        0,
        0,
        0,
        0,
        0,
        0,
        0
      ]
    },
    {
      "command": "./password_finder.exe passwords-bench.txt 5",
      "mean": 2.66864372582,
      "stddev": 0.4407496649211416,
      "median": 2.83489131132,
      "user": 10.273386499999999,
      "system": 0.04112722,
      "min": 1.75910208832,
      "max": 3.32952796632,
      "times": [
        3.32952796632,
        2.7097717543199997,
        2.86953594832,
        1.75910208832,
        2.91103590132,
        2.26426476332,
        2.3128109063199997,
        2.80998991532,
        2.85979270732,
        2.8606053073199997
      ],
      "exit_codes": [
        0,
        0,
        0,
        0,
        0,
        0,
        0,
        0,
        0,
        0
      ]
    },
    {
      "command": "./password_finder.exe passwords-bench.txt 6",
      "mean": 2.7409698978200003,
      "stddev": 0.235089832766258,
      "median": 2.79143437832,
      "user": 13.1702494,
      "system": 0.04998232,
      "min": 2.35941393232,
      "max": 3.01037839532,
      "times": [
        3.00942234132,
        3.01037839532,
        2.86037909232,
        2.65907464732,
        2.35941393232,
        2.3595978243199998,
        2.80970740832,
        2.6592831923199998,
        2.77316134832,
        2.90928079632
      ],
      "exit_codes": [
        0,
        0,
        0,
        0,
        0,
        0,
        0,
        0,
        0,
        0
      ]
    },
    {
      "command": "./password_finder.exe passwords-bench.txt 8",
      "mean": 1.87526978652,
      "stddev": 0.2254450463067339,
      "median": 1.88434425132,
      "user": 12.618115600000001,
      "system": 0.04394962,
      "min": 1.4083454043199999,
      "max": 2.21914306432,
      "times": [
        1.7591153583199999,
        1.4083454043199999,
        2.21914306432,
        2.05879451032,
        2.0089394073199998,
        1.75929959832,
        1.80873125632,
        1.76093590332,
        1.9599572463200001,
        2.00943611632
      ],
      "exit_codes": [
        0,
        0,
        0,
        0,
        0,
        0,
        0,
        0,
        0,
        0
      ]
    },
    {
      "command": "./password_finder.exe passwords-bench.txt 10",
      "mean": 1.34943487552,
      "stddev": 0.10810651701077455,
      "median": 1.3842298243199997,
      "user": 11.597051400000002,
      "system": 0.05107651999999999,
      "min": 1.20779503332,
      "max": 1.46017931432,
      "times": [
        1.4097114253199998,
        1.45941455532,
        1.41337549532,
        1.46017931432,
        1.20888448232,
        1.31049995332,
        1.2081024733199999,
        1.45763779932,
        1.35874822332,
        1.20779503332
      ],
      "exit_codes": [
        0,
        0,
        0,
        0,
        0,
        0,
        0,
        0,
        0,
        0
      ]
    },
    {
      "command": "./password_finder.exe passwords-bench.txt 12",
      "mean": 1.3909009690199998,
      "stddev": 0.1270026121140148,
      "median": 1.40853023882,
      "user": 14.641265500000003,
      "system": 0.04407662,
      "min": 1.20735259032,
      "max": 1.55996390132,
      "times": [
        1.25962167932,
        1.30937090232,
        1.35839825032,
        1.20735259032,
        1.45866222732,
        1.5096052443199999,
        1.25825188732,
        1.55996390132,
        1.47864870132,
        1.50913430632
      ],
      "exit_codes": [
        0,
        0,
        0,
        0,
        0,
        0,
        0,
        0,
        0,
        0
      ]
    },
    {
      "command": "./password_finder.exe passwords-bench.txt 14",
      "mean": 1.48291595302,
      "stddev": 0.34860200811452774,
      "median": 1.52166256282,
      "user": 18.302026599999994,
      "system": 0.05131022,
      "min": 0.9600887033200001,
      "max": 1.9348663023200001,
      "times": [
        1.6797212043199998,
        1.81030121232,
        1.15867165432,
        0.9600887033200001,
        1.21526459932,
        1.36360392132,
        1.1582879473199998,
        1.72871782232,
        1.81963616332,
        1.9348663023200001
      ],
      "exit_codes": [
        0,
        0,
        0,
        0,
        0,
        0,
        0,
        0,
        0,
        0
      ]
    },
    {
      "command": "./password_finder.exe passwords-bench.txt 16",
      "mean": 1.8739545406200002,
      "stddev": 0.3261762074258217,
      "median": 1.85157138732,
      "user": 25.883743700000004,
      "system": 0.16252182,
      "min": 1.5244086073199998,
      "max": 2.37589634332,
      "times": [
        2.17344231532,
        1.5244086073199998,
        1.57878165632,
        1.67146278332,
        1.53453346032,
        2.18408489832,
        2.37589634332,
        2.03167999132,
        1.58174242732,
        2.08351292332
      ],
      "exit_codes": [
        0,
        0,
        0,
        0,
        0,
        0,
        0,
        0,
        0,
        0
      ]
    },
    {
      "command": "./password_finder.exe passwords-bench.txt 20",
      "mean": 5.35922286122,
      "stddev": 1.331091244592554,
      "median": 5.9169877383200005,
      "user": 81.0378849,
      "system": 0.19277562,