{
  "results": [
    {
      "command": "./password_finder.exe passwords-bench.txt 1",
      "mean": 14.58198439448,
      "stddev": 1.264863892281812,
      "median": 14.489819788479998,
      "user": 14.550708899999998,
      "system": 0.0171886,
      "min": 12.43034569548,
      "max": 17.38945078548,
      "times": [
        14.13258853248,
        13.68230304248,
        14.19282458248,
        14.682192260479999,
        12.43034569548,
        14.39800942248,
        14.581630154479999,
        17.38945078548,
        15.15118941348,
        15.17931005548
      ],
      "exit_codes": [
        0,
        0,
        0,
        0,
        0,
        0,
        0,
        0,
        0,
        0
      ]
    },
    {
      "command": "./password_finder.exe passwords-bench.txt 2",
      "mean": 15.127237936479997,
      "stddev": 1.2999090225817247,
      "median": 15.21730254948,
      "user": 15.0307596,
      "system": 0.05784560000000001,
      "min": 13.432121110479999,
      "max": 17.09101835648,
      "times": [
        13.48094681648,
        13.58236747948,
        15.03417667648,
        16.74052770048,
        15.18763126248,
        15.246973836479999,
        17.09101835648,
        13.432121110479999,
        15.788086226479999,
        15.688529899479999
      ],
      "exit_codes": [
        0,
        0,
        0,
        0,
        0,
        0,
        0,
        0,
        0,
        0
      ]
    },
    {
      "command": "./password_finder.exe passwords-bench.txt 3",
      "mean": 7.51380992818,
      "stddev": 1.3106383301656757,
      "median": 7.151023371480001,
      "user": 14.252101299999998,
      "system": 0.10136039999999999,
      "min": 5.82390655848,
      "max": 9.48768939248,
      "times": [
        6.8762340784800005,
        8.932849405479999,
        9.235895529479999,
        9.48768939248,
        5.82390655848,
        7.42581266448,
        7.77795212848,
        6.07487119848,
        6.82814072548,
        6.674747600480001
      ],
      "exit_codes": [
        0,
        0,
        0,
        0,
        0,
        0,
        0,
        0,
        0,
        0
      ]
    },
    {
      "command": "./password_finder.exe passwords-bench.txt 4",
      "mean": 3.6637201728800006,
      "stddev": 0.4677041169552936,
      "median": 3.6942821009799998,
      "user": 10.569123999999999,
      "system": 0.054198800000000005,
      "min": 2.96053753448,
      "max": 4.46473893948,
      "times": [
        3.2110801964799998,
        3.31323796048,
        3.67553048948,
        3.86214774848,
        4.46473893948,
        3.96267821748,
        3.71303371248,
        4.163027615480001,
        2.96053753448,
        3.31118931448
      ],
      "exit_codes": [
        0,
        0,
        0,
        0,
        0,
        0,
        0,
        0,
        0,
        0
      ]
    },
    {
      "command": "./password_finder.exe passwords-bench.txt 5",
      "mean": 2.94043886548,
      "stddev": 0.42636756041763096,
      "median": 2.8849565429800004,
      "user": 11.314679100000001,
      "system": 0.0343542,
      "min": 2.26172834748,
      "max": 3.46119389448,
      "times": [
        2.8102621114799997,
        2.36036850048,
        3.36057011748,
        2.86044112848,
        2.70921726448,
        3.31050312648,
        2.26172834748,
        3.46119389448,
        3.36063220648,
        2.90947195748
      ],
      "exit_codes": [
        0,
        0,
        0,
        0,
        0,
        0,
        0,
        0,
        0,
        0
      ]
    },
    {
      "command": "./password_finder.exe passwords-bench.txt 6",
      "mean": 2.69508700398,
      "stddev": 0.24982098663424182,
      "median": 2.73599779698,
      "user": 12.949305999999998,
      "system": 0.043150499999999994,
      "min": 2.25978138948,
      "max": 3.00928948948,
      "times": [
        2.25978138948,
        2.40955521448,
        2.91195187148,
        3.00928948948,
        2.45908512848,
        2.65873492948,
        2.95966885248,
        2.81080757048,
        2.71190188248,
        2.76009371148
      ],
      "exit_codes": [
        0,
        0,
        0,
        0,
        0,
        0,
        0,
        0,
        0,
        0
      ]
    },
    {
      "command": "./password_finder.exe passwords-bench.txt 8",
      "mean": 2.0406268478799996,
      "stddev": 0.07089794677739782,
      "median": 2.01272602998,
      "user": 13.697928499999998,
      "system": 0.0494347,
      "min": 1.95789783748,
      "max": 2.2083687734799997,
      "times": [
        2.00868880048,
        2.01551750448,
        2.0158398214799997,
        2.00968075248,
        2.00993455548,
        1.95789783748,
        2.0096492544799998,
        2.1091520134799997,
        2.0615391654799997,
        2.2083687734799997
      ],
      "exit_codes": [
        0,
        0,
        0,
        0,
        0,
        0,
        0,
        0,
        0,
        0
      ]
    },
    {
      "command": "./password_finder.exe passwords-bench.txt 10",
      "mean": 1.4391795618799996,
      "stddev": 0.12543496646964594,
      "median": 1.4084305794799998,
      "user": 12.3824322,
      "system": 0.048809000000000005,
      "min": 1.20854450648,
      "max": 1.65822007448,
      "times": [
        1.4084329544799998,
        1.6113705194799999,
        1.40767482948,
        1.4084282044799998,
        1.45860624248,
        1.4082405414799999,
        1.36117063748,
        1.20854450648,
        1.65822007448,
        1.4611071084799998
      ],
      "exit_codes": [
        0,
        0,
        0,
        0,
        0,
        0,
        0,
        0,
        0,
        0
      ]
    },
    {
      "command": "./password_finder.exe passwords-bench.txt 12",
      "mean": 1.38013623498,
      "stddev": 0.11431388241708534,
      "median": 1.35915279148,
      "user": 14.655625099999998,
      "system": 0.03429339999999999,
      "min": 1.20905888548,
      "max": 1.56005588848,
      "times": [
        1.35938424448,
        1.3589213384799999,
        1.35807018548,
        1.26032951648,
        1.30894786448,
        1.5100653044799999,
        1.51423166948,
        1.56005588848,
        1.36229745248,
        1.20905888548
      ],
      "exit_codes": [
        0,
        0,
        0,
        0,
        0,
        0,
        0,
        0,
        0,
        0
      ]
    },
    {
      "command": "./password_finder.exe passwords-bench.txt 14",
      "mean": 1.54724022538,
      "stddev": 0.3859245949003555,
      "median": 1.74705392148,
      "user": 19.1848258,
      "system": 0.06048499999999999,
      "min": 0.95833575548,
      "max": 1.93108001048,
      "times": [
        1.1602986194799998,
        1.93108001048,
        1.11013950948,
        1.2146744514799999,
        1.72988853948,
        0.95833575548,
        1.81640247748,
        1.8621724304799998,
        1.76421930348,
        1.92519115648
      ],
      "exit_codes": [
        0,
        0,
        0,
        0,
        0,
        0,
        0,
        0,
        0,
        0
      ]
    },
    {
      "command": "./password_finder.exe passwords-bench.txt 16",
      "mean": 1.7397742189799998,
      "stddev": 0.3046984526127956,
      "median": 1.83202615398,
      "user": 24.067359500000002,
      "system": 0.10328509999999999,
      "min": 1.23451146248,
      "max": 2.1808204074799997,
      "times": [
        1.57902149348,
        1.3370583804799998,
        2.07679516448,
        1.8720117004799999,
        1.88373639848,
        2.1808204074799997,
        1.23451146248,
        1.83395596548,
        1.56973487448,
        1.83009634248
      ],
      "exit_codes": [
        0,
        0,
        0,
        0,
        0,
        0,
        0,
        0,
        0,
        0
      ]
    },
    {
      "command": "./password_finder.exe passwords-bench.txt 20",
      "mean": 5.536465323180001,
      "stddev": 0.5687251236195575,