{
  "results": [
    {
      "command": "./password_finder.exe",
      "mean": 0.36061153821090913,
      "stddev": 0.1802963162781424,
      "median": 0.26028558612,
      "user": 4.270652147272727,
      "system": 0.07562636181818182,
      "min": 0.25732710812000004,
      "max": 0.72595044712,
      "times": [
        0.27102738712,
        0.26911932312000003,
        0.25878790912000005,
        0.25817414412,
        0.6752016621200001,
        0.47606594912000005,
        0.25732710812000004,
        0.26028558612,
        0.25741580712,
        0.72595044712,
        0.25737159712
      ],
      "exit_codes": [
        0,
        0,
        0,
        0,
        0,
        0,
        0,
        0,
        0,
        0,
        0
      ]
    }
  ]
}
