{
  "results": [
    {
      "command": "./password_finder.exe passwords-mix.txt 4",
      "mean": 46.76437082599999,
      "stddev": 4.0692171750832395,
      "median": 46.4539485112,
      "user": 136.67407685999999,
      "system": 0.27112064,
      "min": 40.6674443047,
      "max": 53.3448033517,
      "times": [
        45.680820864699996,
        53.3448033517,
        42.526287946699995,
        43.831090747699996,
        47.2270761577,
        40.6674443047,
        49.6859644007,
        44.1963448827,
        51.0422767537,
        49.4415988497
      ],
      "exit_codes": [
        0,
        0,
        0,
        0,
        0,
        0,
        0,
        0,
        0,
        0
      ]
    },
    {
      "command": "./password_finder.exe passwords-mix.txt 16",
      "mean": 15.5191113092,
      "stddev": 0.2331795872013732,
      "median": 15.4973473447,
      "user": 204.69421116000004,
      "system": 0.62732524,
      "min": 15.0654324837,
      "max": 15.9462624947,
      "times": [
        15.6425879587,
        15.0654324837,
        15.3604908337,
        15.4170842477,
        15.5459160937,
        15.9462624947,
        15.6492595527,
        15.4465623207,
        15.4487785957,
        15.6687385107
      ],
      "exit_codes": [
        0,
        0,
        0,
        0,
        0,
        0,
        0,
        0,
        0,
        0
      ]
    }
  ]
}
