{
  "results": [
    {
      "command": "./password_finder.exe passwords-mix.txt 8",
      "mean": 21.038219854260003,
      "stddev": 0.7547753154656983,
      "median": 20.92299681576,
      "user": 140.07266357999998,
      "system": 0.21774094000000002,
      "min": 19.761023085260003,
      "max": 22.288907295260003,
      "times": [
        20.68831152626,
        20.23585734926,
        21.341175954260002,
        21.893007393260003,
        21.539622757260002,
        20.788299550260003,
        19.761023085260003,
        20.959315132260002,
        22.288907295260003,
        20.88667849926
      ],
      "exit_codes": [
        0,
        0,
        0,
        0,
        0,
        0,
        0,
        0,
        0,
        0
      ]
    },
    {
      "command": "./password_finder.exe passwords-mix.txt 16",
      "mean": 15.332645689359998,
      "stddev": 0.4459683900468833,
      "median": 15.46083801576,
      "user": 202.25783268,
      "system": 0.5870204399999999,
      "min": 14.17498945226,
      "max": 15.68030505926,
      "times": [
        15.03968150826,
        15.50721449226,
        15.59871924226,
        15.36608554126,
        15.41446153926,
        15.36567906526,
        15.56915017926,
        15.68030505926,
        14.17498945226,
        15.61017081426
      ],
      "exit_codes": [
        0,
        0,
        0,
        0,
        0,
        0,
        0,
        0,
        0,
        0
      ]
    }
  ]
}
