{
  "results": [
    {
      "command": "./password_finder.exe passwords.txt 1",
      "mean": 3.2772065312200005,
      "stddev": 1.0865991703840892,
      "median": 2.76133626972,
      "user": 3.26152002,
      "system": 0.016982199999999996,
      "min": 2.7587622352200003,
      "max": 5.36437990522,
      "times": [
        2.75889011422,
        2.7715699392200004,
        2.76181450922,
        2.76101384722,
        5.36437990522,
        2.7605776202200003,
        5.31310927422,
        2.76165869222,
        2.7587622352200003,
        2.7602891752200005
      ],
      "exit_codes": [
        0,
        0,
        0,
        0,
        0,
        0,
        0,
        0,
        0,
        0
      ]
    },
    {
      "command": "./password_finder.exe passwords.txt 2",
      "mean": 5.464374703220001,
      "stddev": 0.023586359196477686,
      "median": 5.46386110422,
      "user": 5.42934642,
      "system": 0.021141899999999998,
      "min": 5.41555233822,
      "max": 5.51553538222,
      "times": [
        5.46317620522,
        5.46443600322,
        5.46392155222,
        5.46380065622,
        5.51553538222,
        5.46598668922,
        5.41555233822,
        5.4635926692200005,
        5.46411738722,
        5.46362814922
      ],
      "exit_codes": [
        0,
        0,
        0,
        0,
        0,
        0,
        0,
        0,
        0,
        0
      ]
    },
    {
      "command": "./password_finder.exe passwords.txt 4",
      "mean": 1.7573277694200002,
      "stddev": 0.0003843879333687627,
      "median": 1.75737607822,
      "user": 5.083093120000001,
      "system": 0.013710599999999998,
      "min": 1.75653959022,
      "max": 1.75777836422,
      "times": [
        1.75737125922,
        1.75762687822,
        1.7575972662200001,
        1.75731399022,
        1.75738089722,
        1.75653959022,
        1.75681071422,
        1.75758832622,
        1.75727040822,
        1.75777836422
      ],
      "exit_codes": [
        0,
        0,
        0,
        0,
        0,
        0,
        0,
        0,
        0,
        0
      ]
    },
    {
      "command": "./password_finder.exe passwords.txt 8",
      "mean": 0.7982907381200002,
      "stddev": 0.43963753371019626,
      "median": 0.75625025572,
      "user": 5.1535549199999995,
      "system": 0.0339609,
      "min": 0.45593945022000004,
      "max": 1.9722071862200001,
      "times": [
        0.45593945022000004,
        0.75612513522,
        0.75658524922,
        0.85617145522,
        0.75542413822,
        0.7563753762200001,
        0.45651759722000007,
        0.4585353112200001,
        0.75902648222,
        1.9722071862200001
      ],
      "exit_codes": [
        0,
        0,
        0,
        0,
        0,
        0,
        0,
        0,
        0,
        0
      ]
    },
    {
      "command": "./password_finder.exe passwords.txt 16",
      "mean": 0.5821533589472727,
      "stddev": 0.5631284469292409,
      "median": 0.26044152822000005,
      "user": 7.333214629090907,
      "system": 0.06460790909090909,
      "min": 0.25653034622000004,
      "max": 1.71963356622,
      "times": [
        0.26245658922000004,
        1.71963356622,
        1.32816887822,
        0.25854799122000005,
        0.25941060122000004,
        0.26418327522,
        1.28038004522,
        0.26044152822000005,
        0.25653034622000004,
        0.25667296222,
        0.25726116522000003
      ],
      "exit_codes": [
        0,
        0,
        0,
        0,
        0,
        0,
        0,
        0,
        0,
        0,
        0
      ]
    }
  ]
}
