{
  "results": [
    {
      "command": "./password_finder.exe passwords_bench_long.txt 1",
      "mean": 127.33762987925999,
      "stddev": 6.511354882938034,
      "median": 126.64586289266,
      "user": 127.20279706000001,
      "system": 0.05612452,
      "min": 115.93651984515999,
      "max": 138.51560450016,
      "times": [
        126.65305709016,
        138.51560450016,
        115.93651984515999,
        126.63866869515999,
        135.10246124916,
        122.59010202716,
        128.85739362115999,
        131.21809633216,
        125.00383276616,
        122.86056266615999
      ],
      "exit_codes": [
        0,
        0,
        0,
        0,
        0,
        0,
        0,
        0,
        0,
        0
      ]
    },
    {
      "command": "./password_finder.exe passwords_bench_long.txt 2",
      "mean": 140.44175470476,
      "stddev": 13.576086893539939,
      "median": 146.47980262816,
      "user": 139.98789275999997,
      "system": 0.31424311999999993,
      "min": 110.43296206616,
      "max": 154.85989129516,
      "times": [
        110.43296206616,
        150.15803338016,
        132.63006779016,
        148.60767408216,
        154.85989129516,
        149.61251390916,
        144.35193117416,
        149.34387621116,
        134.86702068016,
        129.55357645916
      ],
      "exit_codes": [
        0,
        0,
        0,
        0,
        0,
        0,
        0,
        0,
        0,
        0
      ]
    },
    {
      "command": "./password_finder.exe passwords_bench_long.txt 4",
      "mean": 44.23128554596,
      "stddev": 3.3209438226336876,
      "median": 44.14591410466,
      "user": 130.34590455999998,
      "system": 0.20803371999999998,
      "min": 40.21482228116,
      "max": 49.68610644116,
      "times": [
        46.22165002616,
        49.68610644116,
        42.86788798216,
        40.76593110616,
        40.36542765916,
        48.22697510716,
        45.67222664716,
        40.21482228116,
        45.27298942016,
        43.01883878916
      ],
      "exit_codes": [
        0,
        0,
        0,
        0,
        0,
        0,
        0,
        0,
        0,
        0
      ]
    },
    {
      "command": "./password_finder.exe passwords_bench_long.txt 8",
      "mean": 21.294380028659997,
      "stddev": 0.7953603964197837,
      "median": 20.89125368016,
      "user": 141.52917355999998,
      "system": 0.15751872,
      "min": 20.28599857316,
      "max": 22.841438184159998,
      "times": [
        20.89422343616,
        20.69188364016,
        22.841438184159998,
        20.74270606216,
        20.28599857316,
        21.99007993616,
        21.881770929159998,
        21.839174322159998,
        20.88828392416,
        20.88824127916
      ],
      "exit_codes": [
        0,
        0,
        0,
        0,
        0,
        0,
        0,
        0,
        0,
        0
      ]
    },
    {
      "command": "./password_finder.exe passwords_bench_long.txt 16",
      "mean": 15.260602111760003,
      "stddev": 0.8535352439985291,
      "median": 15.000097695160001,
      "user": 194.94436625999998,
      "system": 0.58174312,
      "min": 14.701888960160002,
      "max": 17.55125842316,
      "times": [
        15.05866982216,
        14.85238870316,
        14.99761545916,
        14.701888960160002,
        15.747954515160002,
        14.813856040160001,
        15.002579931160001,
        15.015715466160001,
        14.86409379716,
        17.55125842316
      ],
      "exit_codes": [
        0,
        0,
        0,
        0,
        0,
        0,
        0,
        0,
        0,
        0
      ]
    }
  ]
}
